Method_FQDN;#debug;#elif;#elifdef;#elifndef;#else;#if;#ifdef;#ifndef;#mdebug;NoDi;NoFE
util.update_keyboard_type;0;0;0;0;0;0;0;0;0;0;0
button.SaltTextAway;0;0;0;0;0;0;0;0;0;0;0
menu.domenu;0;0;0;0;0;11;1;1;0;13;3
fontutils.append_fontname_num;0;0;0;0;0;0;0;0;0;0;0
misc.do_osc;0;0;0;0;0;11;2;0;0;13;2
cachedGCs.allocCache;0;0;0;0;0;0;0;0;0;0;0
menu.update_appcursor;0;0;0;0;0;0;0;0;0;0;0
menu.do_scrollttyoutput;0;0;0;0;0;0;0;0;0;0;0
main.icewatch;0;0;0;0;0;0;0;0;0;0;0
scrollbar.WindowScroll;0;0;0;0;0;2;0;0;0;2;1
util.swapVTwinGCs;0;0;0;0;0;0;0;0;0;0;0
os2main.GetBytesAvailable;0;0;0;0;0;0;0;0;0;0;0
util.drawXtermText;0;0;0;0;4;16;0;0;0;20;1
Tekproc.TekEnq;0;0;0;0;1;0;1;0;0;2;1
menu.do_allowColorOps;0;0;0;0;0;0;0;0;0;0;0
misc.ResetOneAnsiColor;0;0;0;0;0;0;0;0;0;0;0
misc.open_userfile;0;0;0;0;1;0;1;0;0;2;1
button.ReadLineButton;0;0;0;0;0;0;0;0;0;0;0
charproc.really_set_mousemode;0;0;0;0;0;0;0;0;0;0;0
screen.saveEditBufLines;0;0;0;0;1;2;0;0;0;3;1
os2main.main;0;0;0;0;1;14;6;0;0;21;2
menu.update_activeicon;0;0;0;0;0;0;0;0;0;0;0
util.CopyWait;0;0;0;0;0;0;0;0;0;0;0
cursor.xtermIndex;0;0;0;0;0;0;0;0;0;0;0
button.okPosition;0;0;0;0;0;0;0;0;0;0;0
os2main.resize_termcap;0;0;0;0;0;0;0;0;0;0;0
fontutils.getFaceName;0;0;0;0;1;1;0;0;0;2;1
menu.do_print_redir;0;0;0;0;0;0;0;0;0;0;0
util.isDefaultForeground;0;0;0;0;0;0;0;0;0;0;0
button.Length;0;0;0;0;0;0;0;0;0;0;0
os2main.Syntax;0;0;0;0;0;0;0;0;0;0;0
charproc.SwitchBufPtrs;0;0;0;0;1;1;0;0;0;2;1
main.abbrev;0;0;0;0;0;0;0;0;0;0;0
menu.update_font_renderfont;0;0;0;0;0;0;0;0;0;0;0
misc.withdraw_window;0;0;0;0;0;0;0;0;0;0;0
charproc.VTRealize;0;0;0;0;1;6;0;1;0;8;2
util.updatedXtermGC;0;0;0;0;0;5;0;0;0;5;1
menu.do_vtshow;0;0;0;0;0;0;0;0;0;0;0
menu.update_menu_allowColorOps;0;0;0;0;0;0;0;0;0;0;0
screen.ScrnAllocBuf;0;0;0;0;2;3;0;0;0;5;2
Tekproc.getTekWidget;0;0;0;0;0;0;0;0;0;0;0
scrollbar.ScrollTextTo;0;0;0;0;0;0;0;0;0;0;0
misc.ChangeTitle;0;0;0;0;0;0;0;0;0;0;0
menu.HandleAllowColorOps;0;0;0;0;0;0;0;0;0;0;0
misc.switch_modes;0;0;0;0;0;0;0;0;0;0;0
misc.ReverseOldColors;0;0;0;0;0;1;0;0;0;1;1
charproc.setExtendedFG;0;0;0;0;0;1;0;0;0;1;1
menu.update_altscreen;0;0;0;0;0;0;0;0;0;0;0
fontutils.xtermLoadFont;0;0;0;0;0;8;0;0;0;8;1
button.PointToCELL;0;0;0;0;0;1;0;0;0;1;1
trace.visibleKeyboardType;0;0;0;0;0;0;0;0;0;0;0
scrollback.addScrollback;0;0;0;0;0;0;0;0;0;0;0
screen.scrnHeadAddr;0;0;0;0;0;0;0;0;0;0;0
cachedGCs.redoCgs;0;0;0;0;0;0;0;0;0;0;0
keysym2ucs.keysym2ucs;0;0;0;0;0;0;0;0;0;0;0
tabs.TabToPrevStop;0;0;0;0;0;0;0;0;0;0;0
tabs.TabClear;0;0;0;0;0;0;0;0;0;0;0
print.xtermHasPrinter;0;0;0;0;0;0;0;0;0;0;0
cachedGCs.swapCgs;0;0;0;0;0;0;0;0;0;0;0
xtermcap.isLegalTcapName;0;0;0;0;0;0;0;0;0;0;0
trace.visibleEventType;0;0;0;0;0;0;0;0;0;0;0
fontutils.checkFontInfo;0;0;0;0;0;0;0;0;0;0;0
screen.Reallocate;0;0;0;0;1;1;0;0;0;2;1
fontutils.got_bold_font;0;0;0;0;0;0;0;0;0;0;0
charproc.FindFontSelection;0;0;0;0;0;0;0;0;0;0;0
menu.do_titeInhibit;0;0;0;0;0;0;0;0;0;0;0
trace.TraceIds;0;0;0;0;0;0;1;0;0;1;1
Tekproc.ChangeTekColors;0;0;0;0;0;0;0;0;0;0;0
menu.HandleUTF8Title;0;0;0;0;0;0;0;0;0;0;0
menu.update_keepSelection;0;0;0;0;0;0;0;0;0;0;0
input.allowedCharModifiers;0;0;0;0;1;2;0;0;0;3;1
cachedGCs.getCgsBack;0;0;0;0;0;0;0;0;0;0;0
xstrings.x_strncasecmp;0;0;0;0;0;0;0;0;0;0;0
xstrings.x_encode_hex;0;0;0;0;0;0;0;0;0;0;0
misc.xtermEnvEncoding;0;0;0;0;1;0;1;0;0;2;1
charproc.unparseseq;0;0;0;0;0;0;0;0;0;0;0
misc.udk_value;0;0;0;0;0;0;0;0;0;0;0
main.remove_termcap_entry;0;0;0;0;0;0;0;0;0;0;0
cachedGCs.SameFont;0;0;0;0;0;0;0;0;0;0;0
button.do_select_regex;0;0;0;0;0;1;0;0;0;1;1
button.BtnCode;0;0;0;0;0;0;0;0;0;0;0
main.trace_handshake;0;0;0;0;0;0;0;0;0;0;0
menu.do_securekbd;0;0;0;0;0;0;0;0;0;0;0
menu.update_cursesemul;0;0;0;0;0;1;0;0;0;1;1
Tekproc.TekSetFontSize;0;0;0;0;0;0;0;0;0;0;0
button.DiredButton;0;0;0;0;0;0;0;0;0;0;0
button.eventRow;0;0;0;0;0;0;0;0;0;0;0
button.CheckLocatorPosition;0;0;0;0;0;0;0;0;0;0;0
xtermcap.get_tcap_erase;0;0;0;0;1;0;1;1;0;3;1
misc.Cleanup;0;0;0;0;0;1;0;0;0;1;1
scrollbar.getXkbLED;0;0;0;0;0;0;0;0;0;0;0
menu.do_continue;0;0;0;0;0;1;0;0;0;1;1
cursor.CursorSet;0;0;0;0;0;0;0;0;0;0;0
cursor.RevIndex;0;0;0;0;0;0;0;0;0;0;0
charproc.ShowCursor;0;0;0;0;1;7;1;1;0;10;2
Tekproc.TekDraw;0;0;0;0;0;0;0;0;0;0;0
charproc.cleanupInputMethod;0;0;0;0;0;0;0;0;0;0;0
menu.HandleBellIsUrgent;0;0;0;0;0;0;0;0;0;0;0
util.putXtermCell;0;0;0;0;0;0;0;0;0;0;0
button.SelectSet;0;0;0;0;0;0;0;0;0;0;0
button.SendFocusButton;0;0;0;0;0;1;0;0;0;1;1
fontutils.xtermFontName;0;0;0;0;0;0;0;0;0;0;0
misc.unselectwindow;0;0;0;0;0;1;0;0;0;1;1
scrollbar.HandleScrollForward;0;0;0;0;0;0;0;0;0;0;0
fontutils.xtermGetFont;0;0;0;0;0;0;0;0;0;0;0
misc.do_xevents;0;0;0;0;1;1;0;0;0;2;1
trace.TraceXtermResources;0;0;0;0;0;9;0;0;0;9;1
misc.find_closest_color;0;0;0;0;0;0;0;0;0;0;0
menu.HandlePopupMenu;0;0;0;0;0;1;0;0;0;1;1
misc.StartLog;0;0;0;0;3;1;3;0;0;7;2
doublechr.repaint_line;0;0;0;0;0;0;0;0;0;0;0
button._SelectionTargets;0;0;0;0;0;1;0;0;0;1;1
menu.do_softreset;0;0;0;0;0;0;0;0;0;0;0
menu.set_menu_font;0;0;0;0;0;0;0;0;0;0;0
misc.HandleEightBitKeyPressed;0;0;0;0;0;0;0;0;0;0;0
menu.HandleReverseWrap;0;0;0;0;0;0;0;0;0;0;0
charproc.set_ansi_conformance;0;0;0;0;0;0;0;0;0;0;0
print.xtermPrintScreen;0;0;0;0;0;0;0;0;0;0;0
Tekproc.TCursorUp;0;0;0;0;0;0;0;0;0;0;0
menu.do_num_lock;0;0;0;0;0;0;0;0;0;0;0
screen.ScreenResize;0;0;0;0;5;8;3;1;0;17;3
main.kill_process_group;0;0;0;0;1;1;0;0;0;2;1
cursor.CursorDown;0;0;0;0;0;0;0;0;0;0;0
button.SendMousePosition;0;0;0;0;0;1;0;0;0;1;1
xstrings.x_skip_blanks;0;0;0;0;0;0;0;0;0;0;0
fontutils.xtermCopyFontInfo;0;0;0;0;0;0;0;0;0;0;0
screen.non_blank_line;0;0;0;0;0;0;0;0;0;0;0
button.ReHiliteText;0;0;0;0;0;0;0;0;0;0;0
button.class_of;0;0;0;0;0;1;0;0;0;1;1
linedata.saveCellData;0;0;0;0;0;1;0;0;0;1;1
util.xtermXftDrawString;0;0;0;0;1;2;0;0;0;3;1
screen.ScrnMarkRectangle;0;0;0;0;0;2;0;0;0;2;1
ptydata.fillPtyData;0;0;0;0;0;0;0;0;0;0;0
screen.ScrnInsertChar;0;0;0;0;0;0;0;0;0;0;0
menu.select_menu;0;0;0;0;0;1;0;0;0;1;1
menu.do_poponbell;0;0;0;0;0;0;0;0;0;0;0
charproc.ToAlternate;0;0;0;0;0;1;0;0;0;1;1
menu.set_tekhide_sensitivity;0;0;0;0;0;0;0;0;0;0;0
fontutils.setFaceName;0;0;0;0;0;1;0;0;0;1;1
os2main.set_owner;0;0;0;0;0;0;0;0;0;0;0
button.rowOnCurrentLine;0;0;0;0;0;0;0;0;0;0;0
util.set_background;0;0;0;0;0;0;0;0;0;0;0
menu.update_tekshow;0;0;0;0;0;0;0;0;0;0;0
charproc.dotext;0;0;0;0;2;4;0;0;0;6;1
charproc.ansi_modes;0;0;0;0;0;0;0;0;0;0;0
os2main.killit;0;0;0;0;0;0;0;0;0;0;0
charproc.fill_Tres;0;0;0;0;0;0;0;0;0;0;0
menu.do_allowWindowOps;0;0;0;0;0;0;0;0;0;0;0
cachedGCs.noleaks_cachedCgs;0;0;0;0;0;0;0;1;0;1;1
button.indexToCol;0;0;0;0;0;0;0;0;0;0;0
misc.set_vt_visibility;0;0;0;0;0;2;0;0;0;2;1
misc.xtermCopyEnv;0;0;0;0;0;0;0;0;0;0;0
menu.do_8bit_control;0;0;0;0;0;0;0;0;0;0;0
menu.HandleReverseVideo;0;0;0;0;0;0;0;0;0;0;0
charproc.VTparse;0;0;0;0;0;0;0;0;0;0;0
scrollbar.CreateScrollBar;0;0;0;0;0;0;0;0;0;0;0
cachedGCs.myCache;0;0;0;0;1;0;1;0;0;2;1
misc.HandleRestoreSize;0;0;0;0;0;0;0;0;0;0;0
menu.do_font_utf8_title;0;0;0;0;0;0;0;0;0;0;0
trace.visibleSelectionTarget;0;0;0;0;0;0;0;0;0;0;0
input.skipName;0;0;0;0;0;0;0;0;0;0;0
charclass.init_classtab;0;0;0;0;0;0;0;0;0;0;0
ptydata.switchPtyData;0;0;0;0;0;0;0;0;0;0;0
screen.limitedParseRow;0;0;0;0;0;0;0;0;0;0;0
vms.spawn;0;0;0;0;0;0;0;0;0;0;0
cursor.CursorRestore;0;0;0;0;0;1;0;0;0;1;1
charproc.VTReset;0;0;0;0;0;2;0;0;0;2;1
button.SetCharacterClassRange;0;0;0;0;0;0;0;0;0;0;0
main.die_callback;0;0;0;0;0;0;0;0;0;0;0
xtermcap.loadTermcapStrings;0;0;0;0;1;0;1;1;0;3;1
cachedGCs.setCgsFore;0;0;0;0;0;0;0;0;0;0;0
print.setPrinterControlMode;0;0;0;0;0;0;0;0;0;0;0
resize.resize_timeout;0;0;0;0;0;0;0;0;0;0;0
scrollbar.ShowScrollLock;0;0;0;0;0;0;0;0;0;0;0
menu.HandleBackarrow;0;0;0;0;0;0;0;0;0;0;0
misc.hide_tek_window;0;0;0;0;0;0;0;0;0;0;0
menu.do_vtonoff;0;0;0;0;0;0;0;0;0;0;0
xutf8.l1utf8copy;0;0;0;0;0;0;0;0;0;0;0
util.makeColorPair;0;0;0;0;0;0;0;0;0;0;0
button.DisownSelection;0;0;0;0;0;0;0;0;0;0;0
scrollbar.ResizeScrollBar;0;0;0;0;1;0;1;0;0;2;1
cursor.CarriageReturn;0;0;0;0;0;0;0;0;0;0;0
menu.do_sun_fkeys;0;0;0;0;0;0;0;0;0;0;0
Tekproc.Tinput;0;0;0;0;4;0;5;0;0;9;1
trace.TraceResizeRequest;0;0;0;0;0;0;0;0;0;0;0
misc.HandleInterpret;0;0;0;0;0;0;0;0;0;0;0
menu.do_altscreen;0;0;0;0;0;0;0;0;0;0;0
scrollback.deleteScrollback;0;0;0;0;0;0;0;0;0;0;0
print.charToPrinter;0;0;0;0;1;2;0;0;0;3;1
menu.do_old_fkeys;0;0;0;0;0;0;0;0;0;0;0
misc.ManipulateSelectionData;0;0;0;0;0;0;0;0;0;0;0
misc.xtermShowPointer;0;0;0;0;0;1;0;0;0;1;1
util.extract_bg;0;0;0;0;0;0;0;0;0;0;0
ptydata.skipPtyData;0;0;0;0;0;0;0;0;0;0;0
charproc.set_character_class;0;0;0;0;0;0;0;0;0;0;0
screen.ScrnFillRectangle;0;0;0;0;0;1;0;0;0;1;1
misc.HandleKeyPressed;0;0;0;0;0;0;0;0;0;0;0
xstrings.x_skip_nonblanks;0;0;0;0;0;0;0;0;0;0;0
charproc.RequestResize;0;0;0;0;0;0;0;2;0;2;1
menu.update_scrollbar;0;0;0;0;0;0;0;0;0;0;0
misc.HandleDeIconify;0;0;0;0;0;0;0;0;0;0;0
screen.ScrnRefresh;0;0;0;0;0;8;1;0;0;9;3
button.ClearSelectionBuffer;0;0;0;0;0;0;0;0;0;0;0
menu.set_tekfont_menu_item;0;0;0;0;0;0;0;0;0;0;0
misc.ResetColorsRequest;0;0;0;0;0;1;0;0;0;1;1
misc.xtermDisplayCursor;0;0;0;0;0;0;0;0;0;0;0
menu.do_bellIsUrgent;0;0;0;0;0;0;0;0;0;0;0
fontutils.dec2ucs;0;0;0;0;0;0;0;0;0;0;0
menu.HandleScrollbar;0;0;0;0;0;0;0;0;0;0;0
os2main.opencons;0;0;0;0;0;0;0;0;0;0;0
menu.do_tektextlarge;0;0;0;0;0;0;0;0;0;0;0
xstrings.x_nonempty;0;0;0;0;0;0;0;0;0;0;0
charproc.PreeditPosition;0;0;0;0;0;0;0;0;0;0;0
fontutils.checkXft;0;0;0;0;0;0;0;0;0;0;0
util.ucs_workaround;0;0;0;0;0;0;0;0;0;0;0
charproc.one_if_default;0;0;0;0;0;0;0;0;0;0;0
xtermcap.xtermcapString;0;0;0;0;0;0;0;0;0;0;0
menu.Handle8BitControl;0;0;0;0;0;0;0;0;0;0;0
charproc.xim_destroy_cb;0;0;0;0;0;0;0;0;0;0;0
misc.QueryMaximize;0;0;0;0;0;0;0;0;0;0;0
fontutils.xtermLoadWideFonts;0;0;0;0;0;0;0;0;0;0;0
menu.update_meta_esc;0;0;0;0;0;0;0;0;0;0;0
misc.timestamp_filename;0;0;0;0;0;0;0;0;0;0;0
linedata.newCellData;0;0;0;0;0;0;0;0;0;0;0
main.E2A;0;0;0;0;0;0;0;0;0;0;0
button.ResizeSelection;0;0;0;0;0;0;0;0;0;0;0
charproc.set_max_col;0;0;0;0;0;0;0;0;0;0;0
menu.do_tekshow;0;0;0;0;0;0;0;0;0;0;0
button.CutBuffer;0;0;0;0;0;0;0;0;0;0;0
button.TrackMouse;0;0;0;0;0;0;0;0;0;0;0
Tekproc.TekRefresh;0;0;0;0;0;0;0;0;0;0;0
button.HandleSelectStart;0;0;0;0;0;1;0;0;0;1;1
screen.ScrnDeleteLine;0;0;0;0;1;3;0;0;0;4;2
cursor.CursorUp;0;0;0;0;0;0;0;0;0;0;0
menu.HandleCursorBlink;0;0;0;0;0;0;0;0;0;0;0
main.ConvertConsoleSelection;0;0;0;0;0;0;0;0;0;0;0
screen.traceScrnBuf;0;0;0;0;0;0;0;0;0;0;0
misc.xtermIsPrintable;0;0;0;0;0;2;0;0;0;2;1
charproc.zero_if_default;0;0;0;0;0;0;0;0;0;0;0
cachedGCs.newCache;0;0;0;0;0;4;0;0;0;4;1
vms.CloseDown;0;0;0;0;0;0;0;0;0;0;0
os2main.DeleteWindow;0;0;0;0;0;1;0;0;0;1;1
misc.parse_decdld;0;0;0;0;0;0;0;0;0;0;0
input.VTInitModifiers;0;0;0;0;0;1;3;0;0;4;2
misc.FlushLog;0;0;0;0;0;0;1;0;0;1;1
cursor.CursorPrevLine;0;0;0;0;0;0;0;0;0;0;0
misc.dabbrev_prev_word;0;0;0;0;0;0;0;0;0;0;0
Tekproc.TekPage;0;0;0;0;0;0;0;0;0;0;0
button.do_start_extend;0;0;0;0;0;3;0;0;0;3;1
input.stripAction;0;0;0;0;0;0;0;0;0;0;0
input.xtermHasTranslation;0;0;0;0;0;0;0;0;0;0;0
util.getXftColor;0;0;0;0;0;0;0;0;0;0;0
main.disableSetUid;0;0;0;0;0;0;0;0;0;0;0
charproc.ParseList;0;0;0;0;0;0;0;0;0;0;0
button.InitLocatorFilter;0;0;0;0;0;0;0;0;0;0;0
menu.update_vttekmode;0;0;0;0;0;0;0;0;0;0;0
charproc.select_charset;0;0;0;0;0;0;0;0;0;0;0
os2main.get_pty;0;0;0;0;0;0;0;0;0;0;0
charproc.set_cursor_gcs;0;0;0;0;0;0;0;0;0;0;0
screen.extractScrnData;0;0;0;0;0;0;0;0;0;0;0
misc.xtermFindShell;0;0;0;0;0;0;0;0;0;0;0
print.closePrinter;0;0;0;0;1;0;2;0;0;3;1
charproc.savemodes;0;0;0;0;0;4;1;0;0;5;2
misc.SysError;0;0;0;0;0;0;0;0;0;0;0
main.first_map_occurred;0;0;0;0;0;0;0;0;0;0;0
input.scofuncvalue;0;0;0;0;1;1;1;0;0;3;2
.SetCharacterClassRange;0;0;0;0;0;0;0;0;0;0;0
main.pty_search;0;0;0;0;1;1;1;0;0;3;2
menu.do_clearsavedlines;0;0;0;0;0;0;0;0;0;0;0
input.IsControlOutput;0;0;0;0;0;0;0;0;0;0;0
menu.do_delete_del;0;0;0;0;0;0;0;0;0;0;0
cachedGCs.getCgsFont;0;0;0;0;0;0;0;0;0;0;0
fontutils.xtermDrawBoxChar;0;0;0;0;0;2;0;0;0;2;1
menu.do_allowTcapOps;0;0;0;0;0;0;0;0;0;0;0
ptydata.readPtyData;0;0;0;0;3;3;2;0;0;8;3
charproc.VTGraphicsOrNoExpose;0;0;0;0;0;0;0;0;0;0;0
xtermcap.keyIsDistinct;0;0;0;0;0;1;0;0;0;1;1
menu.obtain_menu;0;0;0;0;0;0;0;0;0;0;0
main.qsetlogin;0;0;0;0;0;0;0;0;0;0;0
vms.mbx_read;0;0;0;0;0;0;0;0;0;0;0
Tekproc.TekRun;0;0;0;0;0;0;0;0;0;0;0
fontutils.lookupFontSizes;0;0;0;0;0;0;0;0;0;0;0
main.Version;0;0;0;0;0;0;0;0;0;0;0
main.KeyboardMapping;0;0;0;0;0;0;0;0;0;0;0
trace.TraceWMSizeHints;0;0;0;0;0;0;0;0;0;0;0
menu.do_keepSelection;0;0;0;0;0;0;0;0;0;0;0
util.ClearBelow;0;0;0;0;0;0;0;0;0;0;0
tabs.TabReset;0;0;0;0;0;0;0;0;0;0;0
input.filterAltMeta;0;0;0;0;0;0;0;0;0;0;0
scrollbar.HandleScrollLock;0;0;0;0;0;0;0;0;0;0;0
Tekproc.TekInit;0;0;0;0;0;2;0;0;0;2;1
ptydata.decodeUtf8;0;0;0;0;0;2;0;0;0;2;2
fontutils.useFaceSizes;0;0;0;0;0;0;0;0;0;0;0
charproc.HandleKeymapChange;0;0;0;0;0;0;0;0;0;0;0
util.scrolling_copy_area;0;0;0;0;0;0;0;0;0;0;0
menu.handle_vtshow;0;0;0;0;0;0;0;0;0;0;0
fontutils.lookupOneFontSize;0;0;0;0;0;0;0;0;0;0;0
button.SendLocatorPosition;0;0;0;0;0;0;0;0;0;0;0
button.SelectionDone;0;0;0;0;0;0;0;0;0;0;0
button.LoseSelection;0;0;0;0;0;0;0;0;0;0;0
menu.HandleAllowFontOps;0;0;0;0;0;0;0;0;0;0;0
fontutils.check_fontname;0;0;0;0;0;0;0;0;0;0;0
menu.HandleMetaEsc;0;0;0;0;0;0;0;0;0;0;0
screen.scrnHeadSize;0;0;0;0;0;1;0;0;0;1;1
main.resize_termcap;0;0;0;0;0;0;0;1;0;1;1
cachedGCs.getCgsFore;0;0;0;0;0;0;0;0;0;0;0
menu.HandleAllowTcapOps;0;0;0;0;0;0;0;0;0;0;0
menu.handle_tekshow;0;0;0;0;0;0;0;0;0;0;0
main.find_utmp;0;0;0;0;0;1;0;0;0;1;1
xtermcap.get_tcap_buffer;0;0;0;0;0;1;0;0;0;1;1
menu.HandleSetSelect;0;0;0;0;0;0;0;0;0;0;0
scrollback.getScrollback;0;0;0;0;0;0;0;0;0;0;0
xtermcap.set_termcap;0;0;0;0;1;2;0;0;0;3;2
charproc.restoremodes;0;0;0;0;0;4;2;0;0;6;2
button.ResetSelectionState;0;0;0;0;0;0;0;0;0;0;0
misc.set_tek_visibility;0;0;0;0;0;1;0;0;0;1;1
Tekproc.TekRealize;0;0;0;0;0;0;0;1;0;1;1
util.init_keyboard_type;0;0;0;0;0;0;0;0;0;0;0
input.hpfuncvalue;0;0;0;0;1;1;2;0;0;4;2
os2main.hungtty;0;0;0;0;0;0;0;0;0;0;0
misc.SysReasonMsg;0;0;0;0;0;0;0;0;0;0;0
menu.HandleSendSignal;0;0;0;0;0;0;2;0;0;2;1
main.parse_tty_modes;0;0;0;0;0;0;0;0;0;0;0
ptydata.initPtyData;0;0;0;0;0;0;0;0;0;0;0
scrollbar.ScrollBarDrawThumb;0;0;0;0;0;0;0;0;0;0;0
doublechr.xterm_DECSWL;0;0;0;0;0;1;0;0;0;1;1
screen.unsaveEditBufLines;0;0;0;0;1;1;0;0;0;2;1
charproc.HandleStructNotify;0;0;0;0;1;3;0;0;0;4;2
vms.tt_read_ast;0;0;0;0;0;0;0;0;0;0;0
resize.readstring;0;0;0;0;2;3;0;0;0;5;2
cachedGCs.myDrawable;0;0;0;0;0;0;0;0;0;0;0
screen.ScrnInsertLine;0;0;0;0;0;0;0;0;0;0;0
menu.update_font_doublesize;0;0;0;0;0;0;0;0;0;0;0
misc.sortedOptDescs;0;0;0;0;0;0;1;0;0;1;1
menu.do_tekreset;0;0;0;0;0;0;0;0;0;0;0
menu.update_menu_allowWindowOps;0;0;0;0;0;0;0;0;0;0;0
menu.do_vtfont;0;0;0;0;0;0;0;0;0;0;0
scrollbar.DoResizeScreen;0;0;0;0;0;2;0;2;0;4;2
vms.trnlnm;0;0;0;0;0;0;0;0;0;0;0
charproc.SGR_Foreground;0;0;0;0;0;0;1;0;0;1;1
fontutils.xtermFreeFontInfo;0;0;0;0;0;0;0;0;0;0;0
cachedGCs.tracePixel;0;0;0;0;1;4;0;0;0;5;1
menu.update_num_lock;0;0;0;0;0;0;0;0;0;0;0
menu.do_hangup;0;0;0;0;0;0;0;0;0;0;0
fontutils.compatibleWideCounts;0;0;0;0;0;0;0;0;0;0;0
linedata.getLineData;0;0;0;0;1;3;0;0;0;4;2
charclass.noleaks_CharacterClass;0;0;0;0;0;0;0;0;0;0;0
misc.xt_error;0;0;0;0;0;0;0;0;0;0;0
charproc.property_to_string;0;0;0;0;0;1;0;0;0;1;1
menu.update_menu_allowFontOps;0;0;0;0;0;0;0;0;0;0;0
menu.do_allowTitleOps;0;0;0;0;0;0;0;0;0;0;0
util.ClearInLine2;0;0;0;0;0;0;0;0;0;0;0
menu.do_reversewrap;0;0;0;0;0;0;0;0;0;0;0
input.AdjustAfterInput;0;0;0;0;0;0;0;0;0;0;0
main.DeleteWindow;0;0;0;0;0;1;0;0;0;1;1
input.decfuncvalue;0;0;0;0;0;0;3;0;0;3;1
charproc.FromAlternate;0;0;0;0;0;1;0;0;0;1;1
charproc.v_write;0;0;0;0;2;1;8;0;0;11;2
misc.do_dcs;0;1;0;0;0;3;0;0;0;4;1
trace.visibleXError;0;0;0;0;0;0;0;0;0;0;0
button.HandleInsertSelection;0;0;0;0;0;1;0;0;0;1;1
button.AppendStrToSelectionBuffer;0;0;0;0;0;0;0;0;0;0;0
util.isDefaultBackground;0;0;0;0;0;0;0;0;0;0;0
util.ClearInLine;0;0;0;0;0;0;0;0;0;0;0
fontutils.xtermSaveFontInfo;0;0;0;0;0;0;0;0;0;0;0
print.send_CharSet;0;0;0;0;1;1;0;0;0;2;1
menu.update_decbkm;0;0;0;0;0;0;0;0;0;0;0
button.parseItem;0;0;0;0;0;0;0;0;0;0;0
misc.dabbrev_prev_char;0;0;0;0;0;0;0;0;0;0;0
charproc.window_ops;0;0;0;0;0;3;0;0;0;3;1
menu.HandleMarginBell;0;0;0;0;0;0;0;0;0;0;0
fontutils.derive_font_name;0;0;0;0;0;0;0;0;0;0;0
ptydata.writePtyData;0;0;0;0;0;0;0;0;0;0;0
cachedGCs.relinkData;0;0;0;0;0;0;0;0;0;0;0
scrollbar.HandleScrollBack;0;0;0;0;0;0;0;0;0;0;0
util.recolor_cursor;0;0;0;0;0;0;0;0;0;0;0
button.alloc8bitTargets;0;0;0;0;0;0;1;0;0;1;1
trace.visibleIChar;0;0;0;0;0;1;0;0;0;1;1
menu.do_scrollbar;0;0;0;0;0;0;0;0;0;0;0
print.xtermPrintEverything;0;0;0;0;0;0;0;0;0;0;0
screen.ClearBufRows;0;0;0;0;0;0;0;0;0;0;0
fontutils.xtermSpecialFont;0;0;0;0;0;2;0;0;0;2;1
Tekproc.TekSimulatePageButton;0;0;0;0;0;0;0;0;0;0;0
fontutils.lookupRelativeFontSize;0;0;0;0;0;1;0;0;0;1;1
cachedGCs.setCgsCSet;0;0;0;0;0;0;0;0;0;0;0
charproc.VTNonMaskableEvent;0;0;0;0;0;0;0;0;0;0;0
screen.ReallocateBufOffsets;0;0;0;0;0;1;0;0;0;1;1
main.HsSysError;0;0;0;0;0;0;0;0;0;0;0
print.printCursorLine;0;0;0;0;0;0;0;0;0;0;0
fontutils.xtermXftMissing;0;0;0;0;1;1;0;0;0;2;1
util.ReverseVideo;0;0;0;0;0;3;0;1;0;4;2
misc.HandleFocusChange;0;0;0;0;0;1;0;0;0;1;1
resize.onintr;0;1;0;0;1;0;1;0;0;3;2
menu.HandleTekPage;0;0;0;0;0;0;0;0;0;0;0
menu.update_font_boxchars;0;0;0;0;0;0;0;0;0;0;0
misc.selectwindow;0;0;0;0;0;1;0;0;0;1;1
doublechr.xterm_DECDWL;0;0;0;0;0;1;0;0;0;1;1
button.UTF8toLatin1;0;0;0;0;0;0;0;0;0;0;0
util.ClearAbove;0;0;0;0;0;0;0;0;0;0;0
fontutils.wide_font_name;0;0;0;0;0;0;0;0;0;0;0
menu.HandleSetPopOnBell;0;0;0;0;0;0;0;0;0;0;0
doublechr.xterm_DoubleGC;0;0;0;0;0;0;0;0;0;0;0
os2main.closecons;0;0;0;0;0;0;0;0;0;0;0
Tekproc.TekEnqMouse;0;0;0;0;0;0;0;0;0;0;0
menu.do_kill;0;0;0;0;0;0;0;0;0;0;0
main.ParseSccn;0;0;0;0;0;0;0;0;0;0;0
menu.HandleFontDoublesize;0;0;0;0;0;0;0;0;0;0;0
button.xtermUtf8ToTextList;0;0;0;0;0;0;0;0;0;0;0
charproc.xim_real_init;0;0;0;0;0;1;0;0;0;1;1
misc.cmp_resources;0;0;0;0;0;0;0;0;0;0;0
xtermcap.free_termcap;0;0;0;0;0;0;0;0;0;0;0
charproc.get_icon_label;0;0;0;0;0;0;0;0;0;0;0
xutf8.l1countUtf8Bytes;0;0;0;0;0;0;0;0;0;0;0
menu.do_font_loadable;0;0;0;0;0;0;0;0;0;0;0
menu.do_sco_fkeys;0;0;0;0;0;0;0;0;0;0;0
fontutils.xtermXftFirstChar;0;0;0;0;0;0;0;0;0;0;0
main.init_utmp;0;0;0;0;0;0;0;0;0;0;0
menu.update_font_utf8_title;0;0;0;0;0;0;0;0;0;0;0
button.HandleSelectSet;0;0;0;0;0;0;0;0;0;0;0
button.GettingSelection;0;0;0;0;0;0;0;0;0;0;0
util.xtermSizeHints;0;0;0;0;0;1;0;0;0;1;1
charproc.extendedBoolean;0;0;0;0;0;0;0;0;0;0;0
main.Exit;0;2;0;0;3;9;9;0;0;23;3
scrollbar.ScrollTextUpDownBy;0;0;0;0;0;0;0;0;0;0;0
misc.xtermSetenv;0;0;0;0;0;0;0;0;0;0;0
button._WriteSelectionData;0;0;0;0;0;1;2;0;0;3;2
menu.HandleCursesEmul;0;0;0;0;0;0;0;0;0;0;0
util.DeleteLine;0;0;0;0;0;0;0;0;0;0;0
Tekproc.TCursorBack;0;0;0;0;0;0;0;0;0;0;0
charproc.reset_SGR_Background;0;0;0;0;0;0;0;0;0;0;0
button.xtermGetSelection;0;0;0;0;0;1;0;0;0;1;1
Tekproc.TCursorDown;0;0;0;0;0;0;0;0;0;0;0
menu.do_visualbell;0;0;0;0;0;0;0;0;0;0;0
xutf8.utf8countBytes;0;0;0;0;0;0;0;0;0;0;0
menu.update_tcap_fkeys;0;0;0;0;0;0;0;0;0;0;0
menu.HandleFontBoxChars;0;0;0;0;0;0;0;0;0;0;0
input.IsControlAlias;0;0;0;0;0;0;0;0;0;0;0
main.my_pty_id;0;0;0;0;0;0;0;0;0;0;0
screen.ChangeToWide;0;0;0;0;1;3;0;0;0;4;2
fontutils.get_font_name_props;0;0;0;0;0;0;0;0;0;0;0
cachedGCs.getCgsGC;0;0;0;0;0;0;0;0;0;0;0
charproc.doparsing;0;0;0;0;2;27;0;0;0;29;2
charproc.xim_instantiate_cb;0;0;0;0;0;0;0;0;0;0;0
wcwidth.mk_wcwidth_cjk;0;0;0;0;0;0;0;0;0;0;0
xutf8.xutf8_dummy;0;0;0;0;0;0;0;0;0;0;0
menu.do_font_renderfont;0;0;0;0;0;0;0;0;0;0;0
menu.do_redraw;0;0;0;0;0;0;0;0;0;0;0
misc.parse_ansi_params;0;0;0;0;0;0;0;0;0;0;0
fontutils.n_fields;0;0;0;0;0;0;0;0;0;0;0
menu.HandleSunKeyboard;0;0;0;0;0;0;0;0;0;0;0
main.get_pty1;0;0;0;0;0;0;1;0;0;1;1
button.HandleSelectExtend;0;0;0;0;0;0;0;0;0;0;0
menu.HandleClearSavedLines;0;0;0;0;0;0;0;0;0;0;0
trace.no_error;0;0;0;0;0;0;0;0;0;0;0
charproc.set_max_row;0;0;0;0;0;0;0;0;0;0;0
button.LastTextCol;0;0;0;0;0;1;0;0;0;1;1
menu.HandleAllowSends;0;0;0;0;0;0;0;0;0;0;0
misc.AtomBell;0;0;0;0;0;0;0;0;0;0;0
menu.do_quit;0;0;0;0;0;0;0;0;0;0;0
menu.HandlePrintEverything;0;0;0;0;0;0;0;0;0;0;0
charproc.RestartBlinking;0;0;0;0;0;3;0;0;0;3;1
trace.visibleIChars;0;0;0;0;0;1;0;0;0;1;1
fontutils.mySquareRoot;0;0;0;0;0;0;0;0;0;0;0
screen.xtermParseRect;0;0;0;0;0;0;0;0;0;0;0
tabs.TabZonk;0;0;0;0;0;0;0;0;0;0;0
button.HandleKeyboardSelectEnd;0;0;0;0;0;0;0;0;0;0;0
menu.HandleScrollTtyOutput;0;0;0;0;0;0;0;0;0;0;0
button.do_select_start;0;0;0;0;0;1;0;0;0;1;1
screen.sizeofScrnRow;0;0;0;0;0;3;0;0;0;3;1
misc.Panic;0;0;0;0;0;0;1;0;0;1;1
menu.do_autolinefeed;0;0;0;0;0;0;0;0;0;0;0
util.my_strerror;0;0;0;0;0;0;0;0;0;0;0
misc.HandleBellPropertyChange;0;0;0;0;0;0;0;0;0;0;0
menu.update_appkeypad;0;0;0;0;0;0;0;0;0;0;0
fontutils.dumpXft;0;0;0;0;0;0;0;0;0;0;0
menu.do_hardreset;0;0;0;0;0;0;0;0;0;0;0
button.TrackDown;0;0;0;0;0;0;0;0;0;0;0
menu.HandleScrollKey;0;0;0;0;0;0;0;0;0;0;0
charproc.WrapLine;0;0;0;0;0;0;0;0;0;0;0
menu.do_marginbell;0;0;0;0;0;0;0;0;0;0;0
button.lastRowOfLine;0;0;0;0;0;0;0;0;0;0;0
fontutils.alloca_fontname;0;0;0;0;0;0;0;0;0;0;0
button.AppendToSelectionBuffer;0;0;0;0;0;0;0;0;0;0;0
misc.QueryFontRequest;0;0;0;0;0;1;0;0;0;1;1
menu.sizeof_menu;0;0;0;0;0;0;0;0;0;0;0
misc.Readlink;0;0;0;0;0;0;0;0;0;0;0
xstrings.x_strcasecmp;0;0;0;0;0;0;0;0;0;0;0
scrollbar.ScrollBarReverseVideo;0;0;0;0;0;0;0;0;0;0;0
menu.set_vthide_sensitivity;0;0;0;0;0;0;0;0;0;0;0
menu.HandleOldFunctionKeys;0;0;0;0;0;0;0;0;0;0;0
menu.update_scrollkey;0;0;0;0;0;0;0;0;0;0;0
ptydata.noleaks_ptydata;0;0;0;0;0;1;0;0;0;1;1
screen.ClearCells;0;0;0;0;0;0;0;0;0;0;0
misc.RequestMaximize;0;0;0;0;0;0;0;0;0;0;0
menu.HandleVisibility;0;0;0;0;0;0;0;0;0;0;0
menu.update_cursorblink;0;0;0;0;0;0;0;0;0;0;0
menu.update_alt_esc;0;0;0;0;0;0;0;0;0;0;0
misc.CloseLog;0;0;0;0;0;0;0;0;0;0;0
print.stringToPrinter;0;0;0;0;0;0;0;0;0;0;0
main.get_pty;0;9;0;0;3;5;2;0;0;19;3
menu.HandleAutoLineFeed;0;0;0;0;0;0;0;0;0;0;0
ptydata.fakePtyData;0;0;0;0;0;0;0;0;0;0;0
screen.ScrnClearCells;0;0;0;0;0;1;0;0;0;1;1
util.do_erase_display;0;0;0;0;0;0;0;0;0;0;0
button.FinishPaste64;0;0;0;0;0;0;0;0;0;0;0
main.set_pty_id;0;0;0;0;0;0;0;0;0;0;0
menu.InitPopup;0;0;0;0;0;0;0;0;0;0;0
charproc.StartBlinking;0;0;0;0;0;0;0;0;0;0;0
menu.HandleAltScreen;0;0;0;0;0;0;0;0;0;0;0
doublechr.xterm_DECDHL;0;0;0;0;1;1;0;0;0;2;1
menu.do_cursesemul;0;0;0;0;0;0;0;0;0;0;0
misc.ResetAnsiColorRequest;0;0;0;0;0;0;0;0;0;0;0
menu.do_autowrap;0;0;0;0;0;0;0;0;0;0;0
util.ClearRight;0;0;0;0;0;0;0;0;0;0;0
Tekproc.AddToDraw;0;0;0;0;0;0;0;0;0;0;0
scrollbar.xtermGetLED;0;0;0;0;0;0;1;0;0;1;1
button._qWriteSelectionData;0;0;0;0;0;2;0;0;0;2;1
misc.HandleEnterWindow;0;0;0;0;0;0;0;0;0;0;0
trace.TraceTranslations;0;0;0;0;0;0;0;0;0;0;0
menu.do_vtmode;0;0;0;0;0;0;0;0;0;0;0
input.allowModifierParm;0;0;0;0;0;2;0;0;0;2;1
screen.ScrnDeleteChar;0;0;0;0;0;0;0;0;0;0;0
misc.HandleStringEvent;0;0;0;0;0;0;0;0;0;0;0
button.lengthOfLines;0;0;0;0;0;0;0;0;0;0;0
cursor.CursorBack;0;0;0;0;0;0;0;0;0;0;0
os2main.decode_keyvalue;0;1;0;0;0;2;0;0;0;3;1
ptydata.nextPtyData;0;0;0;0;0;0;0;0;0;0;0
charproc.illegal_parse;0;0;0;0;0;0;0;0;0;0;0
button.HandleKeyboardSelectStart;0;0;0;0;0;0;0;0;0;0;0
fontutils.same_font_size;0;0;0;0;0;0;0;0;0;0;0
util.AddToVisible;0;0;0;0;0;0;0;0;0;0;0
fontutils.setupPackedFonts;0;0;0;0;0;2;0;0;0;2;1
menu.toolbar_info;0;0;0;0;1;1;0;0;0;2;1
xutf8.utf8l1strlen;0;0;0;0;0;0;0;0;0;0;0
button.HandleKeyboardSelectExtend;0;0;0;0;0;0;0;0;0;0;0
xutf8.Xutf8TextPropertyToTextList;0;0;0;0;0;0;0;0;0;0;0
util.RevScroll;0;0;0;0;0;0;0;0;0;0;0
button.allocUtf8Targets;0;0;0;0;0;0;1;0;0;1;1
menu.SetupMenus;0;0;0;0;1;3;0;0;0;4;1
misc.logpipe;0;0;0;0;0;0;1;0;0;1;1
Tekproc.getpoint;0;0;0;0;0;0;0;0;0;0;0
menu.setMenuLocale;0;0;0;0;0;0;0;0;0;0;0
menu.update_menu_allowTitleOps;0;0;0;0;0;0;0;0;0;0;0
charproc.SetCursorBlink;0;0;0;0;0;1;0;0;0;1;1
menu.do_tektext2;0;0;0;0;0;0;0;0;0;0;0
menu.do_tektext3;0;0;0;0;0;0;0;0;0;0;0
menu.update_font_packed;0;0;0;0;0;0;0;0;0;0;0
button.isDoubleClick3;0;0;0;0;0;0;0;0;0;0;0
xtermcap.firstTcapByCode;0;0;0;0;0;0;0;0;0;0;0
cachedGCs.getCgsId;0;0;0;0;0;0;0;0;0;0;0
util.InsertLine;0;0;0;0;0;0;0;0;0;0;0
charproc.bitset;0;0;0;0;0;0;0;0;0;0;0
menu.hide_toolbar;0;0;0;0;0;0;0;0;0;0;0
menu.HandleFontPacked;0;0;0;0;0;0;0;0;0;0;0
ptydata.convertToUTF8;0;0;0;0;0;0;0;0;0;0;0
menu.update_poponbell;0;0;0;0;0;0;0;0;0;0;0
button.iswide;0;0;0;0;0;0;0;0;0;0;0
cursor.CursorForward;0;0;0;0;0;1;0;0;0;1;1
linedata.restoreCellData;0;0;0;0;0;1;0;0;0;1;1
menu.do_appcursor;0;0;0;0;0;0;0;0;0;0;0
os2main.kill_process_group;0;0;0;0;0;0;0;0;0;0;0
menu.UpdateMenuItem;0;0;0;0;0;1;0;0;0;1;1
input.ModifyOtherKeys;0;0;0;0;0;1;2;0;0;3;2
menu.do_suspend;0;0;0;0;0;1;0;0;0;1;1
misc.cmp_options;0;0;0;0;0;0;0;0;0;0;0
util.AsciiEquivs;0;0;0;0;0;0;0;0;0;0;0
util.getXtermCell;0;0;0;0;0;0;0;0;0;0;0
button.CheckSecondPress3;0;0;0;0;0;0;0;0;0;0;0
screen.ScrnCopyRectangle;0;0;0;0;0;0;0;0;0;0;0
button.SaveText;0;0;0;0;0;3;0;0;0;3;1
menu.do_tekmode;0;0;0;0;0;0;0;0;0;0;0
menu.do_jumpscroll;0;0;0;0;0;0;0;0;0;0;0
misc.SysErrorMsg;0;0;0;0;0;0;0;0;0;0;0
main.A2E;0;0;0;0;0;0;0;0;0;0;0
xtermcap.xtermcapKeycode;0;0;0;0;0;1;0;0;0;1;1
menu.HandleHardReset;0;0;0;0;0;0;0;0;0;0;0
main.posix_signal;0;0;0;0;1;0;1;0;0;2;1
menu.HandleAllow132;0;0;0;0;0;0;0;0;0;0;0
menu.do_tekcopy;0;0;0;0;0;0;0;0;0;0;0
menu.do_font_utf8_mode;0;0;0;0;0;0;0;0;0;0;0
menu.do_font_packed;0;0;0;0;0;0;0;0;0;0;0
misc.ChangeXprop;0;0;0;0;0;0;0;0;0;0;0
cursor.CursorNextLine;0;0;0;0;0;0;0;0;0;0;0
xutf8.Xutf8LookupString;0;0;0;0;0;0;0;0;0;0;0
util.do_erase_line;0;0;0;0;0;0;0;0;0;0;0
input.modifyCursorKey;0;0;0;0;0;0;0;0;0;0;0
menu.update_delete_del;0;0;0;0;0;0;0;0;0;0;0
xstrings.x_strindex;0;0;0;0;0;0;0;0;0;0;0
button.trimLastLine;0;0;0;0;0;0;0;0;0;0;0
misc.sortedOpts;0;0;0;0;1;2;1;0;0;4;2
menu.update_toolbar;0;0;0;0;0;0;0;0;0;0;0
util.drawClippedXftString;0;0;0;0;0;0;0;0;0;0;0
misc.VisualBell;0;0;0;0;0;1;0;0;0;1;1
fontutils.xtermOpenFont;0;0;0;0;0;2;0;0;0;2;1
misc.ChangeOneAnsiColor;0;0;0;0;0;0;0;0;0;0;0
cachedGCs.clrCgsFonts;0;0;0;0;0;0;0;0;0;0;0
Tekproc.TekCopy;0;0;0;0;0;0;0;1;0;1;1
charproc.bitclr;0;0;0;0;0;0;0;0;0;0;0
util.HandleExposure;0;0;0;0;0;0;0;1;0;1;1
wcwidth.mk_wcwidth;0;0;0;0;0;0;0;0;0;0;0
charclass.CharacterClass;0;0;0;0;0;0;0;0;0;0;0
misc.getColormapSize;0;0;0;0;0;0;0;0;0;0;0
util.adjustHiliteOnBakScroll;0;0;0;0;0;0;0;0;0;0;0
menu.update_print_redir;0;0;0;0;0;0;0;0;0;0;0
util.swapLocally;0;0;0;0;1;2;0;0;0;3;1
menu.HandleKeepSelection;0;0;0;0;0;0;0;0;0;0;0
scrollbar.GetScrollLock;0;0;0;0;0;0;0;0;0;0;0
Tekproc.TCursorForward;0;0;0;0;0;0;0;0;0;0;0
fontutils.HandleSmallerFont;0;0;0;0;0;0;0;0;0;0;0
cachedGCs.traceCSet;0;0;0;0;0;0;0;0;0;0;0
menu.HandleToolbar;0;0;0;0;0;0;0;0;0;0;0
cachedGCs.freeCgs;0;0;0;0;0;1;0;0;0;1;1
main.spawnXTerm;0;3;0;0;19;55;82;9;0;168;4
misc.getXtermWidget;0;0;0;0;0;0;0;0;0;0;0
button.CompleteSelection;0;0;0;0;0;0;0;0;0;0;0
menu.HandleTekCopy;0;0;0;0;0;0;0;0;0;0;0
fontutils.xtermXftLastChar;0;0;0;0;0;0;0;0;0;0;0
cachedGCs.myDisplay;0;0;0;0;0;0;0;0;0;0;0
button.ReadLineMovePoint;0;0;0;0;0;0;0;0;0;0;0
screen.ScrnDisownSelection;0;0;0;0;0;0;0;0;0;0;0
vms.tt_write;0;0;0;0;0;0;0;0;0;0;0
tabs.TabToNextStop;0;0;0;0;0;0;0;0;0;0;0
button.isClick1_clean;0;0;0;0;0;0;0;0;0;0;0
screen.allocScrnHead;0;0;0;0;0;0;0;0;0;0;0
button.make_indexed_text;0;0;0;0;0;0;0;0;0;0;0
button.overrideTargets;0;0;0;0;0;1;0;0;0;1;1
menu.HandleCreateMenu;0;0;0;0;0;0;0;0;0;0;0
menu.update_titeInhibit;0;0;0;0;0;0;0;0;0;0;0
util.adjustHiliteOnFwdScroll;0;0;0;0;0;0;0;0;0;0;0
Tekproc.TekBackground;0;0;0;0;0;0;0;0;0;0;0
menu.do_logging;0;0;0;0;0;0;0;0;0;0;0
charproc.unparse_end;0;0;0;0;1;0;1;0;0;2;1
charproc.unparseputc1;0;0;0;0;0;0;0;0;0;0;0
vms.tt_start_read;0;0;0;0;0;0;0;0;0;0;0
misc.reset_decudk;0;0;0;0;0;0;0;0;0;0;0
util.getXtermSizeHints;0;0;0;0;0;0;0;0;0;0;0
vms.tt_read;0;0;0;0;0;0;0;0;0;0;0
Tekproc.TekClear;0;0;0;0;0;0;0;0;0;0;0
main.set_owner;0;0;0;0;0;0;0;0;0;0;0
cachedGCs.copyCgs;0;0;0;0;0;0;0;0;0;0;0
cachedGCs.traceCgsEnum;0;0;0;0;0;4;0;0;0;4;1
misc.flashWindow;0;0;0;0;0;0;0;0;0;0;0
misc.XStrCmp;0;0;0;0;0;0;0;0;0;0;0
scrollbar.xtermClearLEDs;0;0;0;0;0;0;1;0;0;1;1
vms.char_change;0;0;0;0;0;0;0;0;0;0;0
menu.do_activeicon;0;0;0;0;0;0;0;0;0;0;0
xutf8.utf8insert;0;0;0;0;0;0;0;0;0;0;0
print.send_SGR;0;0;0;0;1;2;0;0;0;3;1
charproc.ToggleAlternate;0;0;0;0;0;0;0;0;0;0;0
os2main.reapchild;0;0;0;0;0;0;1;0;0;1;1
util.DeleteChar;0;0;0;0;0;1;0;0;0;1;1
misc.xtermVersion;0;0;0;0;0;0;0;0;0;0;0
button.SelectionReceived;0;0;0;0;0;8;0;0;0;8;1
misc.HandleLeaveWindow;0;0;0;0;0;0;0;0;0;0;0
fontutils.HandleLargerFont;0;0;0;0;0;0;0;0;0;0;0
misc.end_vt_mode;0;0;0;0;0;0;0;0;0;0;0
button.sameItem;0;0;0;0;0;0;0;0;0;0;0
fontutils.xtermUpdateFontInfo;0;0;0;0;0;0;1;0;0;1;1
os2main.icewatch;0;0;0;0;0;0;0;0;0;0;0
os2main.Exit;0;0;0;0;0;2;3;0;0;5;2
main.ttyslot;0;0;0;0;0;0;0;0;0;0;0
button.ExtendExtend;0;0;0;0;0;1;0;0;0;1;1
main.decode_keyvalue;0;1;0;0;0;2;0;0;0;3;1
menu.InitWidgetMenu;0;0;0;0;0;1;0;0;0;1;1
menu.do_sun_kbd;0;0;0;0;0;0;0;0;0;0;0
screen.setupLineData;0;0;0;0;0;6;0;0;0;6;1
charproc.CheckBogusForeground;0;0;0;0;0;0;0;0;0;0;0
menu.do_tekpage;0;0;0;0;0;0;0;0;0;0;0
fontutils.xtermLoadDefaultFonts;0;0;0;0;0;0;0;0;0;0;0
button._OwnSelection;0;0;0;0;0;0;0;0;0;0;0
charproc.VTRun;0;0;0;0;0;2;0;0;0;2;1
button.eventColBetween;0;0;0;0;0;0;0;0;0;0;0
scrollbar.showXkbLED;0;0;0;0;0;0;0;0;0;0;0
fontutils.xtermSetCursorBox;0;0;0;0;0;0;0;0;0;0;0
.init_classtab;0;0;0;0;0;0;0;0;0;0;0
misc.ChangeFontRequest;0;0;0;0;0;2;0;0;0;2;1
button._WriteKey;0;0;0;0;0;0;0;0;0;0;0
main.reapchild;0;0;0;0;0;0;2;0;0;2;1
charproc.unparseputs;0;0;0;0;0;0;0;0;0;0;0
charproc.HandleIgnore;0;0;0;0;0;0;0;0;0;0;0
cursor.AdjustSavedCursor;0;0;0;0;0;0;0;0;0;0;0
scrollbar.have_xkb;0;0;0;0;0;1;0;0;0;1;1
xstrings.x_strdup;0;0;0;0;0;0;0;0;0;0;0
charproc.HideCursor;0;0;0;0;0;4;1;1;0;6;2
testxmc.Mark_XMC;0;0;0;0;0;0;0;0;0;0;0
util.GetColors;0;0;0;0;0;0;0;0;0;0;0
charproc.unparseputc;0;0;0;0;0;1;0;0;0;1;1
misc.ChangeGroup;0;0;0;0;0;4;0;0;0;4;1
fontutils.xtermLoadVTFonts;0;0;0;0;0;3;0;0;0;3;1
screen.allocScrnData;0;0;0;0;0;0;0;0;0;0;0
scrollbar.SetScrollLock;0;0;0;0;0;0;0;0;0;0;0
fontutils.ucs2dec;0;0;0;0;0;0;0;0;0;0;0
vms.send_xoff;0;0;0;0;0;0;0;0;0;0;0
main.main;0;0;0;0;14;31;28;5;0;78;4
charproc.unparseputn;0;0;0;0;0;0;0;0;0;0;0
charproc.HandleBell;0;0;0;0;0;0;0;0;0;0;0
menu.update_reversewrap;0;0;0;0;0;0;0;0;0;0;0
menu.HandleSecure;0;0;0;0;0;1;0;0;0;1;1
trace.visibleNotifyDetail;0;0;0;0;0;0;0;0;0;0;0
Tekproc.TekExpose;0;0;0;0;0;0;1;0;0;1;1
button.addXtermChar;0;0;0;0;0;0;0;0;0;0;0
menu.HandleRedraw;0;0;0;0;0;0;0;0;0;0;0
button.HandleSelectEnd;0;0;0;0;0;0;0;0;0;0;0
misc.xtermResetIds;0;0;0;0;0;0;0;0;0;0;0
misc.xerror;0;0;0;0;0;0;0;0;0;0;0
misc.ChangeColorsRequest;0;0;0;0;0;0;0;0;0;0;0
menu.update_allow132;0;0;0;0;0;0;0;0;0;0;0
menu.do_backarrow;0;0;0;0;0;0;0;0;0;0;0
util.decode_keyboard_type;0;0;0;0;0;5;0;0;0;5;1
doublechr.pushback_font;0;0;0;0;0;0;0;0;0;0;0
cursor.set_cur_col;0;0;0;0;0;0;0;0;0;0;0
menu.HandleSetTerminalType;0;0;0;0;0;0;0;0;0;0;0
menu.HandleAllowTitleOps;0;0;0;0;0;0;0;0;0;0;0
menu.do_allowFontOps;0;0;0;0;0;0;0;0;0;0;0
fontutils.bold_font_name;0;0;0;0;0;0;0;0;0;0;0
charproc.VTExpose;0;0;0;0;0;0;1;0;0;1;1
fontutils.is_double_width_font_xft;0;0;0;0;0;0;0;0;0;0;0
misc.OscToColorIndex;0;0;0;0;0;3;0;0;0;3;1
misc.ChangeAnsiColorRequest;0;0;0;0;0;0;0;0;0;0;0
button.GetLocatorPosition;0;0;0;0;0;0;0;0;0;0;0
util.addXtermCombining;0;0;0;0;0;0;0;0;0;0;0
main.Help;0;0;0;0;0;0;0;0;0;0;0
util.toggle_keyboard_type;0;0;0;0;0;0;0;0;0;0;0
fontutils.xtermCloseFonts;0;0;0;0;0;0;0;0;0;0;0
charproc.ParseOnClicks;0;0;0;0;0;2;0;0;0;2;1
util.AddToRefresh;0;0;0;0;0;0;0;0;0;0;0
charproc.SwitchBufs;0;0;0;0;0;0;0;0;0;0;0
trace.visibleChrsetName;0;0;0;0;0;0;0;0;0;0;0
charproc.SGR_Background;0;0;0;0;0;0;0;0;0;0;0
button.UnmapSelections;0;0;0;0;0;0;0;0;0;0;0
scrollbar.CompareWidths;0;0;0;0;0;0;0;0;0;0;0
charproc.set_mod_fkeys;0;0;0;0;0;0;0;0;0;0;0
misc.GetOldColors;0;0;0;0;0;0;0;0;0;0;0
button.UnhiliteSelection;0;0;0;0;0;0;0;0;0;0;0
util.ClearLine;0;0;0;0;0;0;0;0;0;0;0
input.ModifierName;0;0;0;0;0;0;0;0;0;0;0
misc.make_hidden_cursor;0;0;0;0;0;0;0;0;0;0;0
misc.DoSpecialLeaveNotify;0;0;0;0;0;0;0;0;0;0;0
util.decode_wcwidth;0;0;0;0;0;1;0;0;0;1;1
menu.HandleUTF8Mode;0;0;0;0;0;0;0;0;0;0;0
input.IsControlInput;0;0;0;0;0;0;0;0;0;0;0
input.TranslationsUseKeyword;0;0;0;0;0;0;0;0;0;0;0
os2main.Help;0;0;0;0;0;0;0;0;0;0;0
util.xtermRepaint;0;0;0;0;0;0;0;0;0;0;0
charproc.releaseWindowGCs;0;0;0;0;0;0;0;0;0;0;0
menu.update_vtshow;0;0;0;0;0;0;0;0;0;0;0
menu.do_interrupt;0;0;0;0;0;0;0;0;0;0;0
misc.dabbrev_expand;0;0;0;0;0;0;0;0;0;0;0
menu.SetupShell;0;0;0;0;0;0;0;0;0;0;0
cachedGCs.setCgsFont;0;0;0;0;0;0;0;1;0;1;1
button.EvalSelectUnit;0;0;0;0;0;0;0;0;0;0;0
misc.Bell;0;0;0;0;0;0;0;0;0;0;0
misc.HandleMaximize;0;0;0;0;0;0;0;0;0;0;0
menu.show_8bit_control;0;0;0;0;0;0;0;0;0;0;0
menu.HandleJumpscroll;0;0;0;0;0;0;0;0;0;0;0
tabs.TabSet;0;0;0;0;0;0;0;0;0;0;0
Tekproc.TekInitialize;0;0;0;0;0;0;0;2;0;2;1
menu.update_autolinefeed;0;0;0;0;0;0;0;0;0;0;0
charproc.releaseCursorGCs;0;0;0;0;0;0;0;0;0;0;0
util.copy_area;0;0;0;0;0;0;0;0;0;0;0
menu.ShowToolbar;0;0;0;0;0;2;0;0;0;2;1
util.resetXtermGC;0;0;0;0;0;0;0;0;0;0;0
util.ClearScreen;0;0;0;0;0;0;0;0;0;0;0
os2main.setpgrp;0;0;0;0;0;0;0;0;0;0;0
cachedGCs.setCgsBack;0;0;0;0;0;0;0;0;0;0;0
menu.do_hp_fkeys;0;0;0;0;0;0;0;0;0;0;0
menu.update_scrollttyoutput;0;0;0;0;0;0;0;0;0;0;0
util.reallySwapColors;0;0;0;0;0;0;0;0;0;0;0
charproc.DoSetSelectedFont;0;0;0;0;0;0;0;0;0;0;0
misc.Sleep;0;0;0;0;0;0;0;0;0;0;0
misc.HandleDabbrevExpand;0;0;0;0;0;0;0;0;0;0;0
vms.freeBuff;0;0;0;0;0;0;0;0;0;0;0
button.TrackText;0;0;0;0;0;0;0;0;0;0;0
menu.HandleDeleteIsDEL;0;0;0;0;0;0;0;0;0;0;0
util.handle_translated_exposure;0;0;0;0;0;0;0;0;0;0;0
input.xtermDeleteIsDEL;0;0;0;0;0;0;0;0;0;0;0
menu.do_font_doublesize;0;0;0;0;0;0;0;0;0;0;0
button.ConvertSelection;0;0;0;0;0;1;1;0;0;2;2
screen.ScrnWipeRectangle;0;0;0;0;0;0;0;0;0;0;0
misc.DoSpecialEnterNotify;0;0;0;0;0;0;0;0;0;0;0
menu.HandleAutoWrap;0;0;0;0;0;0;0;0;0;0;0
menu.HandleNumLock;0;0;0;0;0;0;0;0;0;0;0
misc.creat_as;0;0;0;0;1;0;3;2;0;6;1
resize.print_termcap;0;0;0;0;0;0;0;0;0;0;0
Tekproc.Tekparse;0;0;0;0;0;2;0;0;0;2;1
cachedGCs.chgCache;0;0;0;0;0;1;0;0;0;1;1
misc.HandleIconify;0;0;0;0;0;0;0;0;0;0;0
button.SaveConvertedLength;0;0;0;0;0;0;0;0;0;0;0
xstrings.x_hex2int;0;0;0;0;0;0;0;0;0;0;0
util.DamagedCells;0;0;0;0;0;0;0;0;0;0;0
ptydata.trimPtyData;0;0;0;0;0;0;0;0;0;0;0
charproc.VTResize;0;0;0;0;0;0;0;0;0;0;0
menu.do_font_boxchars;0;0;0;0;0;0;0;0;0;0;0
xtermcap.get_termcap;0;0;0;0;0;2;0;0;0;2;1
vms.send_xon;0;0;0;0;0;0;0;0;0;0;0
charproc.visual_width;0;0;0;0;0;0;0;0;0;0;0
trace.same_option;0;0;0;0;0;0;0;0;0;0;0
xtermcap.nextTcapByCode;0;0;0;0;0;0;0;0;0;0;0
menu.do_terminate;0;0;0;0;0;0;0;0;0;0;0
doublechr.xterm_Double_index;0;0;0;0;0;0;0;0;0;0;0
Tekproc.TekGetFontSize;0;0;0;0;0;0;0;0;0;0;0
menu.do_toolbar;0;0;0;0;0;0;0;0;0;0;0
trace.TraceOptions;0;0;0;0;0;1;0;0;0;1;1
menu.update_sun_fkeys;0;0;0;0;0;0;0;0;0;0;0
charproc.set_flags_from_list;0;0;0;0;0;0;0;0;0;0;0
menu.indexOfMenu;0;0;0;0;0;1;0;0;0;1;1
menu.HandleScoFunctionKeys;0;0;0;0;0;0;0;0;0;0;0
testxmc.Jump_XMC;0;0;0;0;0;0;0;0;0;0;0
menu.HandleSunFunctionKeys;0;0;0;0;0;0;0;0;0;0;0
scrollbar.ScrollBarOff;0;0;0;0;0;0;0;0;0;0;0
tabs.TabPrev;0;0;0;0;0;0;0;0;0;0;0
misc.xioerror;0;0;0;0;0;0;0;0;0;0;0
button.ViButton;0;0;0;0;0;0;0;0;0;0;0
menu.update_8bit_control;0;0;0;0;0;0;0;0;0;0;0
menu.HandleSetTekText;0;0;0;0;0;0;0;0;0;0;0
input.keyCanInsert;0;0;0;0;0;0;0;0;0;0;0
cursor.CursorSave;0;0;0;0;0;1;0;0;0;1;1
trace.LineTstFlag;0;0;0;0;0;0;0;0;0;0;0
charproc.resetCharsets;0;0;0;0;0;1;0;0;0;1;1
menu.do_tekonoff;0;0;0;0;0;0;0;0;0;0;0
menu.HandleTekReset;0;0;0;0;0;0;0;0;0;0;0
main.my_pty_name;0;0;0;0;0;0;0;0;0;0;0
button.cellToColumn;0;0;0;0;0;1;0;0;0;1;1
xtermcap.lookupTcapByName;0;0;0;0;0;0;0;0;0;0;0
trace.TraceArgv;0;0;0;0;0;0;0;0;0;0;0
screen.allocScrnBuf;0;0;0;0;0;0;0;0;0;0;0
charproc.in_put1;0;0;0;0;1;5;0;0;0;6;1
button.base64_flush;0;0;0;0;0;0;0;0;0;0;0
charproc.VTSetValues;0;0;0;0;0;0;0;0;0;0;0
util.systemWcwidthOk;0;0;0;0;0;0;0;0;0;0;0
charproc.report_win_label;0;0;0;0;0;0;0;0;0;0;0
button.do_select_end;0;0;0;0;0;2;0;0;0;2;1
misc.Redraw;0;0;0;0;0;1;0;0;0;1;1
charclass.SetCharacterClassRange;0;0;0;0;0;0;0;0;0;0;0
xstrings.x_toupper;0;0;0;0;0;0;0;0;0;0;0
util.xtermFillCells;0;0;0;0;0;4;0;0;0;4;1
menu.HandleRenderFont;0;0;0;0;0;0;0;0;0;0;0
cachedGCs.dataIndex;0;0;0;0;0;0;0;0;0;0;0
os2main.ptioctl;0;0;0;0;0;0;0;0;0;0;0
fontutils.append_fontname_str;0;0;0;0;0;0;0;0;0;0;0
menu.do_vthide;0;0;0;0;0;0;0;0;0;0;0
os2main.ttyname;0;0;0;0;0;0;0;0;0;0;0
misc.setXUrgency;0;0;0;0;0;0;0;0;0;0;0
input.xtermStateToParam;0;0;0;0;1;1;0;0;0;2;1
main.Syntax;0;0;0;0;0;0;0;0;0;0;0
fontutils.HandleSetFont;0;0;0;0;1;2;0;0;0;3;1
main.my_utmp_id;0;0;0;0;1;1;0;0;0;2;1
menu.do_tcap_fkeys;0;0;0;0;0;0;0;0;0;0;0
cachedGCs.traceFont;0;0;0;0;0;0;0;0;0;0;0
button.EndExtend;0;0;0;0;0;0;0;0;0;0;0
util.xtermScroll;0;0;0;0;0;1;0;0;0;1;1
fontutils.is_double_width_font;0;0;0;0;0;0;0;0;0;0;0
scrollbar.updateRightScrollbar;0;0;0;0;0;0;0;0;0;0;0
fontutils.is_fixed_font;0;0;0;0;0;0;0;0;0;0;0
xutf8.utf8l1strcpy;0;0;0;0;0;0;0;0;0;0;0
os2main.chown;0;0;0;0;0;0;0;0;0;0;0
main.hungtty;0;0;0;0;0;0;0;0;0;0;0
print.xtermMediaControl;0;0;0;0;0;0;0;0;0;0;0
menu.update_hp_fkeys;0;0;0;0;0;0;0;0;0;0;0
button.ScrollSelection;0;0;0;0;0;0;0;0;0;0;0
os2main.spawnXTerm;0;0;0;0;1;3;1;0;0;5;2
charproc.VTInitialize;0;1;0;0;2;39;1;2;0;45;2
charproc.CheckBufPtrs;0;0;0;0;0;1;0;0;0;1;1
misc.hide_vt_window;0;0;0;0;0;0;0;0;0;0;0
fontutils.HandleLoadVTFonts;0;0;0;0;0;0;0;0;0;0;0
misc.make_colored_cursor;0;0;0;0;0;0;0;0;0;0;0
trace.LineClrFlag;0;0;0;0;0;0;0;0;0;0;0
misc.oppositeColor;0;0;0;0;0;2;0;0;0;2;1
util.DamagedCurCells;0;0;0;0;0;0;0;0;0;0;0
xutf8.Xutf8TextListToTextProperty;0;0;0;0;0;0;0;0;0;0;0
Tekproc.TekRepaint;0;0;0;0;0;0;0;0;0;0;0
util.extract_fg;0;0;0;0;0;0;0;0;0;0;0
print.printLine;0;0;0;0;0;5;0;0;0;5;1
input.xtermParamToState;0;0;0;0;1;1;0;0;0;2;1
charproc.ToggleCursorBlink;0;0;0;0;0;0;0;0;0;0;0
button.HandleStartExtend;0;0;0;0;0;0;0;0;0;0;0
charproc.VTDestroy;0;0;0;0;1;15;2;1;0;19;3
resize.main;0;5;0;0;4;1;16;0;0;26;2
util.horizontal_copy_area;0;0;0;0;0;0;0;0;0;0;0
vms.tt_echo_ast;0;0;0;0;0;0;0;0;0;0;0
charproc.VTClassInit;0;0;0;0;0;0;0;0;0;0;0
misc.xtermBell;0;0;0;0;0;2;0;0;0;2;1
misc.UpdateOldColors;0;0;0;0;0;0;0;0;0;0;0
os2main.pty_search;0;0;0;0;0;0;1;0;0;1;1
main.HsSysError2;0;0;0;0;0;0;0;0;0;0;0
misc.AllocateTermColor;0;0;0;0;0;0;0;0;0;0;0
misc.ReportAnsiColorRequest;0;0;0;0;0;0;0;0;0;0;0
Tekproc.HandleGINInput;0;0;0;0;0;0;0;0;0;0;0
os2main.ConvertConsoleSelection;0;0;0;0;0;0;0;0;0;0;0
menu.HandleSoftReset;0;0;0;0;0;0;0;0;0;0;0
menu.update_autowrap;0;0;0;0;0;0;0;0;0;0;0
doublechr.discard_font;0;0;0;0;0;0;0;0;0;0;0
charproc.reset_SGR_Foreground;0;0;0;0;0;0;0;0;0;0;0
button.MapSelections;0;0;0;0;0;0;0;0;0;0;0
menu.do_tekhide;0;0;0;0;0;0;0;0;0;0;0
charproc.noleaks_charproc;0;0;0;0;0;0;0;0;0;0;0
Tekproc.TCursorToggle;0;0;0;0;0;0;0;0;0;0;0
trace.LineSetFlag;0;0;0;0;0;0;0;0;0;0;0
menu.HandlePrintScreen;0;0;0;0;0;0;0;0;0;0;0
os2main.nonblocking_wait;0;0;0;0;0;0;0;0;0;0;0
resize.checkdigits;0;0;0;0;0;0;0;0;0;0;0
os2main.die_callback;0;0;0;0;0;0;0;0;0;0;0
charproc.bitcpy;0;0;0;0;0;0;0;0;0;0;0
button.EditorButton;0;0;0;0;0;1;0;0;0;1;1
scrollbar.ToggleScrollBar;0;0;0;0;0;0;0;0;0;0;0
input.addTranslation;0;0;0;0;0;0;0;0;0;0;0
button.columnToCell;0;0;0;0;0;0;0;0;0;0;0
misc.xtermGetColorRes;0;0;0;0;0;0;0;0;0;0;0
misc.xtermEnvLocale;0;0;0;0;0;0;0;0;0;0;0
Tekproc.TekConfigure;0;0;0;0;0;0;0;0;0;0;0
menu.update_jumpscroll;0;0;0;0;0;0;0;0;0;0;0
fontutils.xtermOpenXft;0;0;0;0;0;0;0;0;0;0;0
input.IsEditFunctionKey;0;0;0;0;0;0;3;0;0;3;1
os2main.Version;0;0;0;0;0;0;0;0;0;0;0
menu.do_alt_esc;0;0;0;0;0;0;0;0;0;0;0
trace.standard_option;0;0;0;0;0;0;0;0;0;0;0
fontutils.SetVTFont;0;0;0;0;0;2;0;0;0;2;1
charsets.xtermCharSetOut;0;0;0;0;1;4;0;0;0;5;1
xstrings.x_strtrim;0;0;0;0;0;0;0;0;0;0;0
testxmc.Resolve_XMC;0;0;0;0;0;0;0;0;0;0;0
util.vertical_copy_area;0;0;0;0;0;0;0;0;0;0;0
menu.update_font_loadable;0;0;0;0;0;0;0;0;0;0;0
cursor.set_cur_row;0;0;0;0;0;0;0;0;0;0;0
util.InsertChar;0;0;0;0;0;1;0;0;0;1;1
util.ChangeColors;0;0;0;0;0;3;0;0;0;3;1
scrollbar.params_to_pixels;0;0;0;0;0;0;0;0;0;0;0
trace.Trace;0;0;0;0;1;1;0;0;0;2;1
Tekproc.TekReverseVideo;0;0;0;0;0;0;0;0;0;0;0
resize.Usage;0;0;0;0;0;0;0;0;0;0;0
menu.update_sun_kbd;0;0;0;0;0;0;0;0;0;0;0
button.DECtoASCII;0;0;0;0;0;0;0;0;0;0;0
misc.xevents;0;0;0;0;0;2;0;0;0;2;1
input.stripBlanks;0;0;0;0;0;0;0;0;0;0;0
input.Input;0;0;0;0;0;19;3;0;0;22;2
util.xtermClear;0;0;0;0;0;0;0;0;0;0;0
menu.do_allowsends;0;0;0;0;0;1;0;0;0;1;1
misc.udk_lookup;0;0;0;0;0;0;0;0;0;0;0
main.save_callback;0;0;0;0;0;0;0;0;0;0;0
screen.ScrnClearLines;0;0;0;0;0;5;0;0;0;5;1
menu.do_allow132;0;0;0;0;0;0;0;0;0;0;0
fontutils.widebold_font_name;0;0;0;0;0;0;0;0;0;0;0
fontutils.xtermMissingChar;0;0;0;0;1;2;0;0;0;3;1
charproc.VTInitI18N;0;0;0;0;0;1;0;0;0;1;1
charproc.in_put;0;0;0;0;0;1;0;0;0;1;1
menu.repairSizeHints;0;0;0;0;0;0;0;0;0;0;0
util.my_memmove;0;0;0;0;0;0;0;0;0;0;0
vms.send_bell;0;0;0;0;0;0;0;0;0;0;0
util.WriteText;0;0;0;0;0;2;0;0;0;2;1
charproc.reset_SGR_Colors;0;0;0;0;0;0;0;0;0;0;0
charproc.VTInitialize_locale;0;0;0;0;3;2;2;0;0;7;2
input.stripTranslations;0;0;0;0;0;0;0;0;0;0;0
button.StartSelect;0;0;0;0;0;0;0;0;0;0;0
menu.handle_send_signal;0;0;0;0;0;0;0;1;0;1;1
xstrings.x_basename;0;0;0;0;0;0;1;0;0;1;1
menu.do_print;0;0;0;0;0;0;0;0;0;0;0
charproc.which_table;0;0;0;0;0;5;0;0;0;5;1
Tekproc.TekPtyData;0;0;0;0;0;0;0;0;0;0;0
menu.HandleAppCursor;0;0;0;0;0;0;0;0;0;0;0
menu.do_tektextsmall;0;0;0;0;0;0;0;0;0;0;0
trace.parse_option;0;0;0;0;0;0;0;0;0;0;0
misc.HandleSpawnTerminal;0;0;0;0;0;0;0;0;0;0;0
menu.HandlePrintControlMode;0;0;0;0;0;0;0;0;0;0;0
fontutils.xtermCloseXft;0;0;0;0;0;0;0;0;0;0;0
wcwidth.mk_wcswidth_cjk;0;0;0;0;0;0;0;0;0;0;0
menu.do_reversevideo;0;0;0;0;0;0;0;0;0;0;0
charproc.doinput;0;0;0;0;0;0;0;0;0;0;0
fontutils.xtermComputeFontInfo;0;0;0;0;1;7;2;0;0;10;2
screen.ScrnPointers;0;0;0;0;0;0;0;0;0;0;0
menu.do_selectClipboard;0;0;0;0;0;0;0;0;0;0;0
scrollbar.AmountToScroll;0;0;0;0;0;0;0;0;0;0;0
input.StringInput;0;0;0;0;0;1;0;0;0;1;1
charproc.VTInit;0;0;0;0;0;0;0;0;0;0;0
menu.HandleLogging;0;0;0;0;0;0;0;0;0;0;0
xstrings.x_decode_hex;0;0;0;0;0;0;0;0;0;0;0
xstrings.x_getenv;0;0;0;0;0;0;0;0;0;0;0
main.set_pty_permissions;0;0;0;0;0;0;1;0;0;1;1
util.set_keyboard_type;0;0;0;0;0;0;0;0;0;0;0
fontutils.setRenderFontsize;0;0;0;0;0;0;0;0;0;0;0
util.isWideControl;0;0;0;0;0;0;0;0;0;0;0
print.xtermAutoPrint;0;0;0;0;0;0;0;0;0;0;0
Tekproc.TekFlush;0;0;0;0;0;0;0;0;0;0;0
scrollbar.xtermShowLED;0;0;0;0;0;0;1;0;0;1;1
input.sunfuncvalue;0;0;0;0;1;1;2;0;0;4;2
charproc.dpmodes;0;0;0;0;1;14;2;0;0;17;2
charproc.xtermAddInput;0;0;0;0;0;4;0;0;0;4;1
menu.HandleTiteInhibit;0;0;0;0;0;0;0;0;0;0;0
fontutils.countGlyphs;0;0;0;0;0;0;0;0;0;0;0
screen.ScrnWriteText;0;0;0;0;0;3;0;0;0;3;1
charproc.setExtendedBG;0;0;0;0;0;0;0;0;0;0;0
charsets.xtermCharSetIn;0;0;0;0;0;1;0;0;0;1;1
fontutils.cache_menu_font_name;0;0;0;0;0;0;0;0;0;0;0
button.ComputeSelect;0;0;0;0;0;4;0;0;0;4;1
menu.enable_allow_xxx_ops;0;0;0;0;0;0;0;0;0;0;0
misc.ParseShiftedFont;0;0;0;0;0;0;0;0;0;0;0
os2main.parse_tty_modes;0;0;0;0;0;0;0;0;0;0;0
main.setEffectiveUser;0;0;0;0;0;0;1;0;0;1;1
fontutils.xtermCloseFont;0;0;0;0;0;0;0;0;0;0;0
util.allocXtermChars;0;0;0;0;0;0;0;0;0;0;0
menu.update_bellIsUrgent;0;0;0;0;0;0;0;0;0;0;0
menu.HandleSetVisualBell;0;0;0;0;0;0;0;0;0;0;0
os2main.save_callback;0;0;0;0;0;0;0;0;0;0;0
input.TranslateFromSUNPC;0;0;0;0;0;0;2;0;0;2;1
print.getPrinterFlags;0;0;0;0;0;0;0;0;0;0;0
scrollbar.ScrollBarOn;0;0;0;0;0;0;1;0;0;1;1
charproc.get_window_label;0;0;0;0;0;0;0;0;0;0;0
cachedGCs.traceVTwin;0;0;0;0;0;0;0;1;0;1;1
menu.update_selectToClipboard;0;0;0;0;0;0;0;0;0;0;0
Tekproc.TekGINoff;0;0;0;0;0;0;0;0;0;0;0
menu.update_menu_allowTcapOps;0;0;0;0;0;0;0;0;0;0;0
trace.TraceSizeHints;0;0;0;0;0;0;0;0;0;0;0
util.xtermSetClipRectangles;0;0;0;0;0;1;0;0;0;1;1
menu.update_securekbd;0;0;0;0;0;0;0;0;0;0;0
menu.do_appkeypad;0;0;0;0;0;0;0;0;0;0;0
menu.update_font_utf8_mode;0;0;0;0;0;0;0;0;0;0;0
charproc.HandleBlinking;0;0;0;0;0;2;0;0;0;2;1
menu.do_scrollkey;0;0;0;0;0;0;0;0;0;0;0
fontutils.same_font_name;0;0;0;0;0;0;0;0;0;0;0
os2main.first_map_occurred;0;0;0;0;0;0;0;0;0;0;0
util.ClearCurBackground;0;0;0;0;0;0;0;0;0;0;0
misc.parse_decudk;0;0;0;0;0;0;0;0;0;0;0
misc.AllocateAnsiColor;0;0;0;0;0;2;0;0;0;2;1
trace.TraceClose;0;0;0;0;0;0;0;0;0;0;0
menu.update_sco_fkeys;0;0;0;0;0;0;0;0;0;0;0
menu.create_menu;0;0;0;0;0;3;0;0;0;3;1
menu.HandleAltEsc;0;0;0;0;0;0;0;0;0;0;0
os2main.abbrev;0;0;0;0;0;0;0;0;0;0;0
button._ConvertSelectionHelper;0;0;0;0;0;0;0;0;0;0;0
menu.update_marginbell;0;0;0;0;0;0;0;0;0;0;0
menu.HandleAllowWindowOps;0;0;0;0;0;0;0;0;0;0;0
.CharacterClass;0;0;0;0;0;0;0;0;0;0;0
screen.ScrnUpdate;0;0;0;0;0;0;0;0;0;0;0
print.xtermPrinterControl;0;0;0;0;0;0;0;0;0;0;0
menu.do_cursorblink;0;0;0;0;0;0;0;0;0;0;0
trace.TraceFocus;0;0;0;0;0;0;0;0;0;0;0
menu.show_toolbar;0;0;0;0;0;0;0;0;0;0;0
.noleaks_CharacterClass;0;0;0;0;0;0;0;0;0;0;0
menu.HandleFontLoading;0;0;0;0;0;0;0;0;0;0;0
charproc.set_tb_margins;0;0;0;0;0;0;0;0;0;0;0
main.nonblocking_wait;0;1;0;0;2;1;1;0;0;5;2
menu.HandleHpFunctionKeys;0;0;0;0;0;0;0;0;0;0;0
menu.update_allowsends;0;0;0;0;0;0;0;0;0;0;0
linedata.copyLineData;0;0;0;0;0;8;0;0;0;8;1
fontutils.isWideFont;0;0;0;0;0;0;0;0;0;0;0
misc.skip_punct;0;0;0;0;0;0;0;0;0;0;0
vms.mbx_read_ast;0;0;0;0;0;0;0;0;0;0;0
xutf8._xa_utf8_string;0;0;0;0;0;0;0;0;0;0;0
misc.WMFrameWindow;0;0;0;0;0;0;0;0;0;0;0
menu.update_logging;0;0;0;0;0;0;0;0;0;0;0
charproc.StopBlinking;0;0;0;0;0;0;0;0;0;0;0
screen.validRect;0;0;0;0;0;0;0;0;0;0;0
wcwidth.bisearch;0;0;0;0;0;0;0;0;0;0;0
tabs.TabNext;0;0;0;0;0;0;0;0;0;0;0
trace.ScrnText;0;0;0;0;0;0;0;0;0;0;0
button.ReadLineDelete;0;0;0;0;0;0;0;0;0;0;0
charproc.init_groundtable;0;0;0;0;0;1;0;0;0;1;1
menu.HandleQuit;0;0;0;0;0;0;0;0;0;0;0
misc.ReportColorRequest;0;0;0;0;0;0;0;0;0;0;0
linedata.initLineData;0;0;0;0;0;3;0;0;0;3;1
menu.update_old_fkeys;0;0;0;0;0;0;0;0;0;0;0
misc.xtermEnvUTF8;0;0;0;0;1;0;1;0;0;2;1
trace.visibleChars;0;0;0;0;0;0;0;0;0;0;0
main.disableSetGid;0;0;0;0;0;0;0;0;0;0;0
button.firstRowOfLine;0;0;0;0;0;0;0;0;0;0;0
wcwidth.mk_wcswidth;0;0;0;0;0;0;0;0;0;0;0
menu.do_meta_esc;0;0;0;0;0;0;0;0;0;0;0
util.ClearLeft;0;0;0;0;0;0;0;0;0;0;0
input.modifyOtherKey;0;0;0;0;0;0;0;0;0;0;0
precompose.do_precomposition;0;0;0;0;0;0;0;0;0;0;0
misc.end_tek_mode;0;0;0;0;0;0;0;0;0;0;0
menu.update_visualbell;0;0;0;0;0;0;0;0;0;0;0
charproc.LineHasBlinking;0;0;0;0;0;0;0;0;0;0;0
misc.ChangeIconName;0;0;0;0;0;1;0;0;0;1;1
screen.limitedParseCol;0;0;0;0;0;0;0;0;0;0;0
vms.getBuff;0;0;0;0;0;0;0;0;0;0;0
main.GetBytesAvailable;0;2;0;0;1;1;0;0;0;4;1
trace.formatAscii;0;0;0;0;0;0;0;0;0;0;0
util.FlushScroll;0;0;0;0;0;0;0;0;0;0;0
menu.SetItemSensitivity;0;0;0;0;0;0;0;0;0;0;0
button.HandleKeyboardStartExtend;0;0;0;0;0;0;0;0;0;0;0
charproc.HandleVisualBell;0;0;0;0;0;0;0;0;0;0;0
menu.HandleAppKeypad;0;0;0;0;0;0;0;0;0;0;0
menu.update_reversevideo;0;0;0;0;0;0;0;0;0;0;0
main.setEffectiveGroup;0;0;0;0;0;0;1;0;0;1;1
os2main.KeyboardMapping;0;0;0;0;0;0;0;0;0;0;0
